PinName,NetName,Delay_Max (ns),Delay_Min (ns)
JA1.A10,HPA12_N,0.160028,0.130932
JA1.A12,HPA13_P,0.134101,0.109719
JA1.A13,HPA13_N,0.134398,0.109962
JA1.A15,HDA09,0.169807,0.138933
JA1.A16,HDA10,0.151965,0.124335
JA1.A17,HDA11,0.144562,0.118278
JA1.A3,HPA06_P,0.213477,0.174663
JA1.A34,MIO41,0.179454,0.146826
JA1.A35,MIO42,0.338844,0.277236
JA1.A36,MIO43,0.155859,0.127521
JA1.A38,MIO61,0.182512,0.149328
JA1.A39,MIO62,0.183854,0.150426
JA1.A4,HPA06_N,0.213719,0.174861
JA1.A40,MIO63,0.211486,0.173034
JA1.A42,MIO73,0.219692,0.179748
JA1.A43,MIO74,0.206107,0.168633
JA1.A44,MIO75,0.218702,0.178938
JA1.A47,GTR_DP1_M2C_P,0.125741,0.102879
JA1.A48,GTR_DP1_M2C_N,0.125609,0.102771
JA1.A51,FPGA_GTR_REFCLK3_P,0.160666,0.131454
JA1.A52,FPGA_GTR_REFCLK3_N,0.16049,0.13131
JA1.A55,GTR_DP0_C2M_P,0.150997,0.123543
JA1.A56,GTR_DP0_C2M_N,0.1507,0.1233
JA1.A6,HPA_CLK0_P,0.162987,0.133353
JA1.A7,HPA_CLK0_N,0.162547,0.132993
JA1.A9,HPA12_P,0.160237,0.131103
JA1.B1,HPA05_CC_P,0.213884,0.174996
JA1.B10,HPA11_P,0.144221,0.117999
JA1.B11,HPA11_N,0.1441,0.1179
JA1.B16,HDA03,0.148599,0.121581
JA1.B17,HDA04,0.143968,0.117792
JA1.B18,HDA05,0.149061,0.121959
JA1.B2,HPA05_CC_N,0.213642,0.174798
JA1.B20,HDA15,0.141438,0.115722
JA1.B21,HDA16_CC,0.14157,0.11583
JA1.B22,HDA17,0.143429,0.117351
JA1.B28,MIO35,0.15686,0.12834
JA1.B29,MIO36,0.194975,0.159525
JA1.B30,MIO37,0.239778,0.196182
JA1.B32,MIO38,0.172436,0.141084
JA1.B33,MIO39,0.326106,0.266814
JA1.B34,MIO40,0.157421,0.128799
JA1.B36,MIO50,0.237457,0.194283
JA1.B37,MIO51,0.237985,0.194715
JA1.B4,HPA04_P,0.283415,0.231885
JA1.B40,MIO58,0.153373,0.125487
JA1.B41,MIO59,0.145442,0.118998
JA1.B42,MIO60,0.207966,0.170154
JA1.B44,MIO70,0.164769,0.134811
JA1.B45,MIO71,0.214313,0.175347
JA1.B46,MIO72,0.187319,0.153261
JA1.B49,GTR_REFCLK1_C2M_P,0.122683,0.100377
JA1.B5,HPA04_N,0.283327,0.231813
JA1.B50,GTR_REFCLK1_C2M_N,0.122738,0.100422
JA1.B53,GTR_DP2_C2M_P,0.126049,0.103131
JA1.B54,GTR_DP2_C2M_N,0.125807,0.102933
JA1.B57,GTR_DP0_M2C_P,0.166749,0.136431
JA1.B58,GTR_DP0_M2C_N,0.166771,0.136449
JA1.B7,HPA07_P,0.203423,0.166437
JA1.B8,HPA07_N,0.203632,0.166608
JA1.C10,HPA08_N,0.216381,0.177039
JA1.C12,HPA10_CC_P,0.160963,0.131697
JA1.C13,HPA10_CC_N,0.16082,0.13158
JA1.C18,HDA06,0.146575,0.119925
JA1.C19,HDA07,0.140195,0.114705
JA1.C20,HDA08_CC,0.145046,0.118674
JA1.C22,HDA18,0.140261,0.114759
JA1.C23,HDA19,0.138336,0.113184
JA1.C24,HDA20,0.134464,0.110016
JA1.C3,HPA00_CC_P,0.262845,0.215055
JA1.C30,MIO29,0.222431,0.181989
JA1.C31,MIO30,0.167409,0.136971
JA1.C32,MIO31_SHUTDOWN,0.170434,0.139446
JA1.C34,MIO47,0.381194,0.311886
JA1.C35,MIO48,0.224565,0.183735
JA1.C36,MIO49,0.207911,0.170109
JA1.C38,MIO55,0.218746,0.178974
JA1.C39,MIO56,0.184624,0.151056
JA1.C4,HPA00_CC_N,0.262834,0.215046
JA1.C40,MIO57,0.128733,0.105327
JA1.C42,MIO67,0.214489,0.175491
JA1.C43,MIO68,0.201828,0.165132
JA1.C44,MIO69,0.215523,0.176337
JA1.C47,GTR_REFCLK0_C2M_P,0.121308,0.099252
JA1.C48,GTR_REFCLK0_C2M_N,0.121396,0.099324
JA1.C51,GTR_DP3_M2C_P,0.15884,0.12996
JA1.C52,GTR_DP3_M2C_N,0.158774,0.129906
JA1.C55,GTR_DP1_C2M_P,0.159555,0.130545
JA1.C56,GTR_DP1_C2M_N,0.159511,0.130509
JA1.C6,HPA03_P,0.316778,0.259182
JA1.C7,HPA03_N,0.316701,0.259119
JA1.C9,HPA08_P,0.216348,0.177012
JA1.D10,HPA09_P,0.233167,0.190773
JA1.D11,HPA09_N,0.233068,0.190692
JA1.D13,HPA14_P,0.150887,0.123453
JA1.D14,HPA14_N,0.150997,0.123543
JA1.D16,HDA00_CC,0.172755,0.141345
JA1.D17,HDA01,0.174713,0.142947
JA1.D18,HDA02,0.163702,0.133938
JA1.D20,HDA12,0.142241,0.116379
JA1.D21,HDA13,0.140327,0.114813
JA1.D22,HDA14,0.141845,0.116055
JA1.D28,MIO26,0.271777,0.222363
JA1.D29,MIO27,0.208868,0.170892
JA1.D30,MIO28,0.173008,0.141552
JA1.D32,MIO44,0.200596,0.164124
JA1.D33,MIO45,0.238183,0.194877
JA1.D34,MIO46,0.382151,0.312669
JA1.D36,MIO52,0.169818,0.138942
JA1.D37,MIO53,0.211453,0.173007
JA1.D38,MIO54,0.159775,0.130725
JA1.D4,HPA02_P,0.257092,0.210348
JA1.D40,MIO64,0.168718,0.138042
JA1.D41,MIO65,0.193391,0.158229
JA1.D42,MIO66,0.215094,0.175986
JA1.D44,MIO76,0.173162,0.141678
JA1.D45,MIO77,0.174383,0.142677
JA1.D49,GTR_DP3_C2M_P,0.134233,0.109827
JA1.D5,HPA02_N,0.257235,0.210465
JA1.D50,GTR_DP3_C2M_N,0.134123,0.109737
JA1.D53,FPGA_GTR_REFCLK2_P,0.234399,0.191781
JA1.D54,FPGA_GTR_REFCLK2_N,0.234597,0.191943
JA1.D57,GTR_DP2_M2C_P,0.184822,0.151218
JA1.D58,GTR_DP2_M2C_N,0.184734,0.151146
JA1.D7,HPA01_P,0.301422,0.246618
JA1.D8,HPA01_N,0.301422,0.246618
JA2.A1,HPA16_P,0.337722,0.276318
JA2.A10,HDA22,0.699589,0.572391
JA2.A2,HPA16_N,0.338239,0.276741
JA2.A4,HPA20_CC_P,0.46662,0.38178
JA2.A5,HPA20_CC_N,0.466598,0.381762
JA2.A7,HPA24_P,0.43659,0.35721
JA2.A8,HPA24_N,0.43626,0.35694
JA2.B2,HPA18_P,0.384109,0.314271
JA2.B3,HPA18_N,0.383845,0.314055
JA2.B5,HPA22_P,0.436502,0.357138
JA2.B6,HPA22_N,0.436425,0.357075
JA2.B8,HPA27,0.431838,0.353322
JA2.B9,HPA28,0.483538,0.395622
JA2.C1,HPA15_CC_P,0.338602,0.277038
JA2.C10,HDA21,0.727903,0.595557
JA2.C2,HPA15_CC_N,0.338701,0.277119
JA2.C4,HPA19_P,0.357247,0.292293
JA2.C5,HPA19_N,0.356279,0.291501
JA2.C7,HPA23_P,0.432762,0.354078
JA2.C8,HPA23_N,0.432773,0.354087
JA2.D2,HPA17_P,0.355223,0.290637
JA2.D3,HPA17_N,0.354926,0.290394
JA2.D5,HPA21_P,0.440792,0.360648
JA2.D6,HPA21_N,0.440792,0.360648
JA2.D8,HPA25,0.309397,0.253143
JA2.D9,HPA26,0.39248,0.32112
