Number,Name,Electrical Type,Graphic Style,Orientation,Number Text Size,Name Text Size,Length,X Position,Y Position,Visible,Unit,Body Style
JA_A1,VCC_BATT,Passive,Line,Right,50,50,100,0,0,True,A,ALL
JA_A2,GND,Passive,Line,Right,50,50,100,0,-100,True,A,ALL
JA_A3,HPA_06P,Passive,Line,Right,50,50,100,0,-200,True,A,ALL
JA_A4,HPA_06N,Passive,Line,Right,50,50,100,0,-300,True,A,ALL
JA_A5,GND,Passive,Line,Right,50,50,100,0,-400,True,A,ALL
JA_A6,HPA_CLK0P_CLK,Passive,Line,Right,50,50,100,0,-500,True,A,ALL
JA_A7,HPA_CLK0N,Passive,Line,Right,50,50,100,0,-600,True,A,ALL
JA_A8,GND,Passive,Line,Right,50,50,100,0,-700,True,A,ALL
JA_A9,HPA_12P_CLK,Passive,Line,Right,50,50,100,0,-800,True,A,ALL
JA_A10,HPA_12N,Passive,Line,Right,50,50,100,0,-900,True,A,ALL
JA_A11,GND,Passive,Line,Right,50,50,100,0,-1000,True,A,ALL
JA_A12,HPA_13P,Passive,Line,Right,50,50,100,0,-1100,True,A,ALL
JA_A13,HPA_13N,Passive,Line,Right,50,50,100,0,-1200,True,A,ALL
JA_A14,GND,Passive,Line,Right,50,50,100,0,-1300,True,A,ALL
JA_A15,HDA_09,Passive,Line,Right,50,50,100,0,-1400,True,A,ALL
JA_A16,HDA_10,Passive,Line,Right,50,50,100,0,-1500,True,A,ALL
JA_A17,HDA_11,Passive,Line,Right,50,50,100,0,-1600,True,A,ALL
JA_A18,GND,Passive,Line,Right,50,50,100,0,-1700,True,A,ALL
JA_A19,VCCOEN_PS_M2C,Passive,Line,Right,50,50,100,0,-1800,True,A,ALL
JA_A20,VCCOEN_PL_M2C,Passive,Line,Right,50,50,100,0,-1900,True,A,ALL
JA_A21,GND,Passive,Line,Right,50,50,100,0,-2000,True,A,ALL
JA_A22,JTAG_TMS_C2M,Passive,Line,Right,50,50,100,0,-2100,True,A,ALL
JA_A23,JTAG_TDO_M2C,Passive,Line,Right,50,50,100,0,-2200,True,A,ALL
JA_A24,JTAG_TDI_C2M,Passive,Line,Right,50,50,100,0,-2300,True,A,ALL
JA_A25,JTAG_TCK_C2M,Passive,Line,Right,50,50,100,0,-2400,True,A,ALL
JA_A26,GND,Passive,Line,Right,50,50,100,0,-2500,True,A,ALL
JA_A27,MODE0_C2M,Passive,Line,Right,50,50,100,0,-2600,True,A,ALL
JA_A28,MODE1_C2M,Passive,Line,Right,50,50,100,0,-2700,True,A,ALL
JA_A29,MODE2_C2M,Passive,Line,Right,50,50,100,0,-2800,True,A,ALL
JA_A30,MODE3_C2M,Passive,Line,Right,50,50,100,0,-2900,True,A,ALL
JA_A31,Reserved,Passive,Line,Right,50,50,100,0,-3000,True,A,ALL
JA_A32,Reserved,Passive,Line,Right,50,50,100,0,-3100,True,A,ALL
JA_A33,GND,Passive,Line,Right,50,50,100,0,-3200,True,A,ALL
JA_A34,MIO41,Passive,Line,Right,50,50,100,0,-3300,True,A,ALL
JA_A35,MIO42,Passive,Line,Right,50,50,100,0,-3400,True,A,ALL
JA_A36,MIO43,Passive,Line,Right,50,50,100,0,-3500,True,A,ALL
JA_A37,GND,Passive,Line,Right,50,50,100,0,-3600,True,A,ALL
JA_A38,MIO61,Passive,Line,Right,50,50,100,0,-3700,True,A,ALL
JA_A39,MIO62,Passive,Line,Right,50,50,100,0,-3800,True,A,ALL
JA_A40,MIO63,Passive,Line,Right,50,50,100,0,-3900,True,A,ALL
JA_A41,GND,Passive,Line,Right,50,50,100,0,-4000,True,A,ALL
JA_A42,MIO73,Passive,Line,Right,50,50,100,0,-4100,True,A,ALL
JA_A43,MIO84,Passive,Line,Right,50,50,100,0,-4200,True,A,ALL
JA_A44,MIO75,Passive,Line,Right,50,50,100,0,-4300,True,A,ALL
JA_A45,GND,Passive,Line,Right,50,50,100,0,-4400,True,A,ALL
JA_A46,GND,Passive,Line,Right,50,50,100,0,-4500,True,A,ALL
JA_A47,GTR_DP1_M2C_P,Passive,Line,Right,50,50,100,0,-4600,True,A,ALL
JA_A48,GTR_DP1_M2C_N,Passive,Line,Right,50,50,100,0,-4700,True,A,ALL
JA_A49,GND,Passive,Line,Right,50,50,100,0,-4800,True,A,ALL
JA_A50,GND,Passive,Line,Right,50,50,100,0,-4900,True,A,ALL
JA_A51,GTR_REFCLK3_C2M_P,Passive,Line,Right,50,50,100,0,-5000,True,A,ALL
JA_A52,GTR_REFCLK3_C2M_N,Passive,Line,Right,50,50,100,0,-5100,True,A,ALL
JA_A53,GND,Passive,Line,Right,50,50,100,0,-5200,True,A,ALL
JA_A54,GND,Passive,Line,Right,50,50,100,0,-5300,True,A,ALL
JA_A55,GTR_DP0_C2M_P,Passive,Line,Right,50,50,100,0,-5400,True,A,ALL
JA_A56,GTR_DP0_C2M_N,Passive,Line,Right,50,50,100,0,-5500,True,A,ALL
JA_A57,GND,Passive,Line,Right,50,50,100,0,-5600,True,A,ALL
JA_A58,GND,Passive,Line,Right,50,50,100,0,-5700,True,A,ALL
JA_A59,VCC_SOM,Passive,Line,Right,50,50,100,0,-5800,True,A,ALL
JA_A60,VCC_SOM,Passive,Line,Right,50,50,100,0,-5900,True,A,ALL
JA_B1,HPA_05P_CC,Passive,Line,Right,50,50,100,0,-6000,True,A,ALL
JA_B2,HPA_05N_CC,Passive,Line,Right,50,50,100,0,-6100,True,A,ALL
JA_B3,GND,Passive,Line,Right,50,50,100,0,-6200,True,A,ALL
JA_B4,HPA_04P,Passive,Line,Right,50,50,100,0,-6300,True,A,ALL
JA_B5,HPA_04N,Passive,Line,Right,50,50,100,0,-6400,True,A,ALL
JA_B6,GND,Passive,Line,Right,50,50,100,0,-6500,True,A,ALL
JA_B7,HPA_07P_CLK,Passive,Line,Right,50,50,100,0,-6600,True,A,ALL
JA_B8,HPA_07N,Passive,Line,Right,50,50,100,0,-6700,True,A,ALL
JA_B9,GND,Passive,Line,Right,50,50,100,0,-6800,True,A,ALL
JA_B10,HPA_11P_CLK,Passive,Line,Right,50,50,100,0,-6900,True,A,ALL
JA_B11,HPA_11N,Passive,Line,Right,50,50,100,0,-7000,True,A,ALL
JA_B12,GND,Passive,Line,Right,50,50,100,0,-7100,True,A,ALL
JA_B13,VCCO_HDA,Passive,Line,Right,50,50,100,0,-7200,True,A,ALL
JA_B14,VCCO_HDA,Passive,Line,Right,50,50,100,0,-7300,True,A,ALL
JA_B15,GND,Passive,Line,Right,50,50,100,0,-7400,True,A,ALL
JA_B16,HDA_03,Passive,Line,Right,50,50,100,0,-7500,True,A,ALL
JA_B17,HDA_04,Passive,Line,Right,50,50,100,0,-7600,True,A,ALL
JA_B18,HDA_05,Passive,Line,Right,50,50,100,0,-7700,True,A,ALL
JA_B19,GND,Passive,Line,Right,50,50,100,0,-7800,True,A,ALL
JA_B20,HDA_15,Passive,Line,Right,50,50,100,0,-7900,True,A,ALL
JA_B21,HDA_16_CC,Passive,Line,Right,50,50,100,0,-8000,True,A,ALL
JA_B22,HDA_17,Passive,Line,Right,50,50,100,0,-8100,True,A,ALL
JA_B23,GND,Passive,Line,Right,50,50,100,0,-8200,True,A,ALL
JA_B24,PS_ERROR_OUT_M2C,Passive,Line,Right,50,50,100,0,-8300,True,A,ALL
JA_B25,PS_ERROR_STATUS_M2C,Passive,Line,Right,50,50,100,0,-8400,True,A,ALL
JA_B26,PWROFF_C2M_B,Passive,Line,Right,50,50,100,0,-8500,True,A,ALL
JA_B27,GND,Passive,Line,Right,50,50,100,0,-8600,True,A,ALL
JA_B28,MIO35,Passive,Line,Right,50,50,100,0,-8700,True,A,ALL
JA_B29,MIO36,Passive,Line,Right,50,50,100,0,-8800,True,A,ALL
JA_B30,MIO37,Passive,Line,Right,50,50,100,0,-8900,True,A,ALL
JA_B31,GND,Passive,Line,Right,50,50,100,0,-9000,True,A,ALL
JA_B32,MIO38,Passive,Line,Right,50,50,100,0,-9100,True,A,ALL
JA_B33,MIO39,Passive,Line,Right,50,50,100,0,-9200,True,A,ALL
JA_B34,MIO40,Passive,Line,Right,50,50,100,0,-9300,True,A,ALL
JA_B35,GND,Passive,Line,Right,50,50,100,0,-9400,True,A,ALL
JA_B36,MIO50,Passive,Line,Right,50,50,100,0,-9500,True,A,ALL
JA_B37,MIO51,Passive,Line,Right,50,50,100,0,-9600,True,A,ALL
JA_B38,Reserved,Passive,Line,Right,50,50,100,0,-9700,True,A,ALL
JA_B39,GND,Passive,Line,Right,50,50,100,0,-9800,True,A,ALL
JA_B40,MIO58,Passive,Line,Right,50,50,100,0,-9900,True,A,ALL
JA_B41,MIO59,Passive,Line,Right,50,50,100,0,-10000,True,A,ALL
JA_B42,MIO60,Passive,Line,Right,50,50,100,0,-10100,True,A,ALL
JA_B43,GND,Passive,Line,Right,50,50,100,0,-10200,True,A,ALL
JA_B44,MIO70,Passive,Line,Right,50,50,100,0,-10300,True,A,ALL
JA_B45,MIO71,Passive,Line,Right,50,50,100,0,-10400,True,A,ALL
JA_B46,MIO72,Passive,Line,Right,50,50,100,0,-10500,True,A,ALL
JA_B47,GND,Passive,Line,Right,50,50,100,0,-10600,True,A,ALL
JA_B48,GND,Passive,Line,Right,50,50,100,0,-10700,True,A,ALL
JA_B49,GTR_REFCLK1_C2M_P,Passive,Line,Right,50,50,100,0,-10800,True,A,ALL
JA_B50,GTR_REFCKK1_C2M_N,Passive,Line,Right,50,50,100,0,-10900,True,A,ALL
JA_B51,GND,Passive,Line,Right,50,50,100,0,-11000,True,A,ALL
JA_B52,GND,Passive,Line,Right,50,50,100,0,-11100,True,A,ALL
JA_B53,GTR_DP2_C2M_P,Passive,Line,Right,50,50,100,0,-11200,True,A,ALL
JA_B54,GTR_DP2_C2M_N,Passive,Line,Right,50,50,100,0,-11300,True,A,ALL
JA_B55,GND,Passive,Line,Right,50,50,100,0,-11400,True,A,ALL
JA_B56,GND,Passive,Line,Right,50,50,100,0,-11500,True,A,ALL
JA_B57,GTR_DP0_M2C_P,Passive,Line,Right,50,50,100,0,-11600,True,A,ALL
JA_B58,GTR_CP0_M2C_N,Passive,Line,Right,50,50,100,0,-11700,True,A,ALL
JA_B59,GND,Passive,Line,Right,50,50,100,0,-11800,True,A,ALL
JA_B60,VCC_SOM,Passive,Line,Right,50,50,100,0,-11900,True,A,ALL
JA_C1,GND,Passive,Line,Right,50,50,100,0,-12000,True,A,ALL
JA_C2,GND,Passive,Line,Right,50,50,100,0,-12100,True,A,ALL
JA_C3,HPA_00P_CC_CLK,Passive,Line,Right,50,50,100,0,-12200,True,A,ALL
JA_C4,HPA_00N_CC,Passive,Line,Right,50,50,100,0,-12300,True,A,ALL
JA_C5,GND,Passive,Line,Right,50,50,100,0,-12400,True,A,ALL
JA_C6,HPA_03P,Passive,Line,Right,50,50,100,0,-12500,True,A,ALL
JA_C7,HPA_03N,Passive,Line,Right,50,50,100,0,-12600,True,A,ALL
JA_C8,GND,Passive,Line,Right,50,50,100,0,-12700,True,A,ALL
JA_C9,HPA_08P,Passive,Line,Right,50,50,100,0,-12800,True,A,ALL
JA_C10,HPA_08N,Passive,Line,Right,50,50,100,0,-12900,True,A,ALL
JA_C11,GND,Passive,Line,Right,50,50,100,0,-13000,True,A,ALL
JA_C12,HPA_10P_CC_CLK,Passive,Line,Right,50,50,100,0,-13100,True,A,ALL
JA_C13,HPA_10N_CC,Passive,Line,Right,50,50,100,0,-13200,True,A,ALL
JA_C14,GND,Passive,Line,Right,50,50,100,0,-13300,True,A,ALL
JA_C15,PS_POR_B,Passive,Line,Right,50,50,100,0,-13400,True,A,ALL
JA_C16,PS_SRST_C2M_B,Passive,Line,Right,50,50,100,0,-13500,True,A,ALL
JA_C17,GND,Passive,Line,Right,50,50,100,0,-13600,True,A,ALL
JA_C18,HDA_06,Passive,Line,Right,50,50,100,0,-13700,True,A,ALL
JA_C19,HDA_07,Passive,Line,Right,50,50,100,0,-13800,True,A,ALL
JA_C20,HDA_08_CC,Passive,Line,Right,50,50,100,0,-13900,True,A,ALL
JA_C21,GND,Passive,Line,Right,50,50,100,0,-14000,True,A,ALL
JA_C22,HDA_18,Passive,Line,Right,50,50,100,0,-14100,True,A,ALL
JA_C23,HDA_19,Passive,Line,Right,50,50,100,0,-14200,True,A,ALL
JA_C24,HDA_20,Passive,Line,Right,50,50,100,0,-14300,True,A,ALL
JA_C25,GND,Passive,Line,Right,50,50,100,0,-14400,True,A,ALL
JA_C26,MIO24_I2C_SCK,Passive,Line,Right,50,50,100,0,-14500,True,A,ALL
JA_C27,MIO25_I2C_SDA,Passive,Line,Right,50,50,100,0,-14600,True,A,ALL
JA_C28,MIO12_FWUEN_C2M_B,Passive,Line,Right,50,50,100,0,-14700,True,A,ALL
JA_C29,GND,Passive,Line,Right,50,50,100,0,-14800,True,A,ALL
JA_C30,MIO29,Passive,Line,Right,50,50,100,0,-14900,True,A,ALL
JA_C31,MIO30,Passive,Line,Right,50,50,100,0,-15000,True,A,ALL
JA_C32,MIO31,Passive,Line,Right,50,50,100,0,-15100,True,A,ALL
JA_C33,GND,Passive,Line,Right,50,50,100,0,-15200,True,A,ALL
JA_C34,MIO47,Passive,Line,Right,50,50,100,0,-15300,True,A,ALL
JA_C35,MIO48,Passive,Line,Right,50,50,100,0,-15400,True,A,ALL
JA_C36,MIO49,Passive,Line,Right,50,50,100,0,-15500,True,A,ALL
JA_C37,GND,Passive,Line,Right,50,50,100,0,-15600,True,A,ALL
JA_C38,MIO55,Passive,Line,Right,50,50,100,0,-15700,True,A,ALL
JA_C39,MIO56,Passive,Line,Right,50,50,100,0,-15800,True,A,ALL
JA_C40,MIO57,Passive,Line,Right,50,50,100,0,-15900,True,A,ALL
JA_C41,GND,Passive,Line,Right,50,50,100,0,-16000,True,A,ALL
JA_C42,MIO67,Passive,Line,Right,50,50,100,0,-16100,True,A,ALL
JA_C43,MIO68,Passive,Line,Right,50,50,100,0,-16200,True,A,ALL
JA_C44,MIO69,Passive,Line,Right,50,50,100,0,-16300,True,A,ALL
JA_C45,Reserved,Passive,Line,Right,50,50,100,0,-16400,True,A,ALL
JA_C46,GND,Passive,Line,Right,50,50,100,0,-16500,True,A,ALL
JA_C47,GTR_REFCLK0_C2M_P,Passive,Line,Right,50,50,100,0,-16600,True,A,ALL
JA_C48,GTR_REFCLK0_C2M_n,Passive,Line,Right,50,50,100,0,-16700,True,A,ALL
JA_C49,GND,Passive,Line,Right,50,50,100,0,-16800,True,A,ALL
JA_C50,GND,Passive,Line,Right,50,50,100,0,-16900,True,A,ALL
JA_C51,GTR_DP3_M2C_P,Passive,Line,Right,50,50,100,0,-17000,True,A,ALL
JA_C52,GTR_DP3_M2C_P,Passive,Line,Right,50,50,100,0,-17100,True,A,ALL
JA_C53,GND,Passive,Line,Right,50,50,100,0,-17200,True,A,ALL
JA_C54,GND,Passive,Line,Right,50,50,100,0,-17300,True,A,ALL
JA_C55,GTR_DP1_C2M_P,Passive,Line,Right,50,50,100,0,-17400,True,A,ALL
JA_C56,GTR_DP1_C2M_N,Passive,Line,Right,50,50,100,0,-17500,True,A,ALL
JA_C57,GND,Passive,Line,Right,50,50,100,0,-17600,True,A,ALL
JA_C58,GND,Passive,Line,Right,50,50,100,0,-17700,True,A,ALL
JA_C59,VCC_SOM,Passive,Line,Right,50,50,100,0,-17800,True,A,ALL
JA_C60,VCC_SOM,Passive,Line,Right,50,50,100,0,-17900,True,A,ALL
JA_D1,VCCO_HPA,Passive,Line,Right,50,50,100,0,-18000,True,A,ALL
JA_D2,VCCO_HPA,Passive,Line,Right,50,50,100,0,-18100,True,A,ALL
JA_D3,GND,Passive,Line,Right,50,50,100,0,-18200,True,A,ALL
JA_D4,HPA_02P,Passive,Line,Right,50,50,100,0,-18300,True,A,ALL
JA_D5,HPA_02N,Passive,Line,Right,50,50,100,0,-18400,True,A,ALL
JA_D6,GND,Passive,Line,Right,50,50,100,0,-18500,True,A,ALL
JA_D7,HPA_01P,Passive,Line,Right,50,50,100,0,-18600,True,A,ALL
JA_D8,HPA_01N,Passive,Line,Right,50,50,100,0,-18700,True,A,ALL
JA_D9,GND,Passive,Line,Right,50,50,100,0,-18800,True,A,ALL
JA_D10,HPA_09P,Passive,Line,Right,50,50,100,0,-18900,True,A,ALL
JA_D11,HPA_09N,Passive,Line,Right,50,50,100,0,-19000,True,A,ALL
JA_D12,GND,Passive,Line,Right,50,50,100,0,-19100,True,A,ALL
JA_D13,HPA_14P,Passive,Line,Right,50,50,100,0,-19200,True,A,ALL
JA_D14,HPA_14N,Passive,Line,Right,50,50,100,0,-19300,True,A,ALL
JA_D15,GND,Passive,Line,Right,50,50,100,0,-19400,True,A,ALL
JA_D16,HDA_00_CC,Passive,Line,Right,50,50,100,0,-19500,True,A,ALL
JA_D17,HDA_01,Passive,Line,Right,50,50,100,0,-19600,True,A,ALL
JA_D18,HDA_02,Passive,Line,Right,50,50,100,0,-19700,True,A,ALL
JA_D19,GND,Passive,Line,Right,50,50,100,0,-19800,True,A,ALL
JA_D20,HDA_12,Passive,Line,Right,50,50,100,0,-19900,True,A,ALL
JA_D21,HDA_13,Passive,Line,Right,50,50,100,0,-20000,True,A,ALL
JA_D22,HDA_14,Passive,Line,Right,50,50,100,0,-20100,True,A,ALL
JA_D23,GND,Passive,Line,Right,50,50,100,0,-20200,True,A,ALL
JA_D24,PWRGD_FPD_M2C,Passive,Line,Right,50,50,100,0,-20300,True,A,ALL
JA_D25,PWRGD_LPD_M2C,Passive,Line,Right,50,50,100,0,-20400,True,A,ALL
JA_D26,PWRGD_PL_M2C,Passive,Line,Right,50,50,100,0,-20500,True,A,ALL
JA_D27,GND,Passive,Line,Right,50,50,100,0,-20600,True,A,ALL
JA_D28,MIO26,Passive,Line,Right,50,50,100,0,-20700,True,A,ALL
JA_D29,MIO27,Passive,Line,Right,50,50,100,0,-20800,True,A,ALL
JA_D30,MIO28,Passive,Line,Right,50,50,100,0,-20900,True,A,ALL
JA_D31,GND,Passive,Line,Right,50,50,100,0,-21000,True,A,ALL
JA_D32,MIO44,Passive,Line,Right,50,50,100,0,-21100,True,A,ALL
JA_D33,MIO45,Passive,Line,Right,50,50,100,0,-21200,True,A,ALL
JA_D34,MIO46,Passive,Line,Right,50,50,100,0,-21300,True,A,ALL
JA_D35,GND,Passive,Line,Right,50,50,100,0,-21400,True,A,ALL
JA_D36,MIO52,Passive,Line,Right,50,50,100,0,-21500,True,A,ALL
JA_D37,MIO53,Passive,Line,Right,50,50,100,0,-21600,True,A,ALL
JA_D38,MIO54,Passive,Line,Right,50,50,100,0,-21700,True,A,ALL
JA_D39,GND,Passive,Line,Right,50,50,100,0,-21800,True,A,ALL
JA_D40,MIO64,Passive,Line,Right,50,50,100,0,-21900,True,A,ALL
JA_D41,MIO65,Passive,Line,Right,50,50,100,0,-22000,True,A,ALL
JA_D42,MIO66,Passive,Line,Right,50,50,100,0,-22100,True,A,ALL
JA_D43,GND,Passive,Line,Right,50,50,100,0,-22200,True,A,ALL
JA_D44,MIO76,Passive,Line,Right,50,50,100,0,-22300,True,A,ALL
JA_D45,MIO77,Passive,Line,Right,50,50,100,0,-22400,True,A,ALL
JA_D46,Reserved,Passive,Line,Right,50,50,100,0,-22500,True,A,ALL
JA_D47,GND,Passive,Line,Right,50,50,100,0,-22600,True,A,ALL
JA_D48,GND,Passive,Line,Right,50,50,100,0,-22700,True,A,ALL
JA_D49,GTR_DP3_C2M_P,Passive,Line,Right,50,50,100,0,-22800,True,A,ALL
JA_D50,GTR_CP3_C2M_N,Passive,Line,Right,50,50,100,0,-22900,True,A,ALL
JA_D51,GND,Passive,Line,Right,50,50,100,0,-23000,True,A,ALL
JA_D52,GND,Passive,Line,Right,50,50,100,0,-23100,True,A,ALL
JA_D53,GTR_REFCLK2_C2M_P,Passive,Line,Right,50,50,100,0,-23200,True,A,ALL
JA_D54,GTR_REFCLK2_C2M_N,Passive,Line,Right,50,50,100,0,-23300,True,A,ALL
JA_D55,GND,Passive,Line,Right,50,50,100,0,-23400,True,A,ALL
JA_D56,GND,Passive,Line,Right,50,50,100,0,-23500,True,A,ALL
JA_D57,GTR_DP2_M2C_P,Passive,Line,Right,50,50,100,0,-23600,True,A,ALL
JA_D58,GTR_DP2_M2C_N,Passive,Line,Right,50,50,100,0,-23700,True,A,ALL
JA_D59,GND,Passive,Line,Right,50,50,100,0,-23800,True,A,ALL
JA_D60,VCC_SOM,Passive,Line,Right,50,50,100,0,-23900,True,A,ALL
JB_A1,HPA_16P_CLK,Passive,Line,Right,50,50,100,0,-24000,True,A,ALL
JB_A2,HPA_16N,Passive,Line,Right,50,50,100,0,-24100,True,A,ALL
JB_A3,GND,Passive,Line,Right,50,50,100,0,-24200,True,A,ALL
JB_A4,HPA_20P_CC_CLK,Passive,Line,Right,50,50,100,0,-24300,True,A,ALL
JB_A5,HPA_20N_CC,Passive,Line,Right,50,50,100,0,-24400,True,A,ALL
JB_A6,GND,Passive,Line,Right,50,50,100,0,-24500,True,A,ALL
JB_A7,HPA_24P,Passive,Line,Right,50,50,100,0,-24600,True,A,ALL
JB_A8,HPA_24N,Passive,Line,Right,50,50,100,0,-24700,True,A,ALL
JB_A9,GND,Passive,Line,Right,50,50,100,0,-24800,True,A,ALL
JB_A10,HDA22,Passive,Line,Right,50,50,100,0,-24900,True,A,ALL
JB_B1,GND,Passive,Line,Right,50,50,100,0,-25000,True,A,ALL
JB_B2,HPA_18P,Passive,Line,Right,50,50,100,0,-25100,True,A,ALL
JB_B3,HPA_18N,Passive,Line,Right,50,50,100,0,-25200,True,A,ALL
JB_B4,GND,Passive,Line,Right,50,50,100,0,-25300,True,A,ALL
JB_B5,HPA_22P,Passive,Line,Right,50,50,100,0,-25400,True,A,ALL
JB_B6,HPA_22N,Passive,Line,Right,50,50,100,0,-25500,True,A,ALL
JB_B7,GND,Passive,Line,Right,50,50,100,0,-25600,True,A,ALL
JB_B8,HPA_27,Passive,Line,Right,50,50,100,0,-25700,True,A,ALL
JB_B9,HPA_28,Passive,Line,Right,50,50,100,0,-25800,True,A,ALL
JB_B10,GND,Passive,Line,Right,50,50,100,0,-25900,True,A,ALL
JB_C1,HPA_15P_CC,Passive,Line,Right,50,50,100,0,-26000,True,A,ALL
JB_C2,HPA_15N_CC,Passive,Line,Right,50,50,100,0,-26100,True,A,ALL
JB_C3,GND,Passive,Line,Right,50,50,100,0,-26200,True,A,ALL
JB_C4,HPA_19P,Passive,Line,Right,50,50,100,0,-26300,True,A,ALL
JB_C5,HPA_19N,Passive,Line,Right,50,50,100,0,-26400,True,A,ALL
JB_C6,GND,Passive,Line,Right,50,50,100,0,-26500,True,A,ALL
JB_C7,HPA_23P_CLK,Passive,Line,Right,50,50,100,0,-26600,True,A,ALL
JB_C8,HPA_23N,Passive,Line,Right,50,50,100,0,-26700,True,A,ALL
JB_C9,GND,Passive,Line,Right,50,50,100,0,-26800,True,A,ALL
JB_C10,HDA_21,Passive,Line,Right,50,50,100,0,-26900,True,A,ALL
JB_D1,GND,Passive,Line,Right,50,50,100,0,-27000,True,A,ALL
JB_D2,HPA_17P,Passive,Line,Right,50,50,100,0,-27100,True,A,ALL
JB_D3,HPA_17N,Passive,Line,Right,50,50,100,0,-27200,True,A,ALL
JB_D4,GND,Passive,Line,Right,50,50,100,0,-27300,True,A,ALL
JB_D5,HPA_21P_CLK,Passive,Line,Right,50,50,100,0,-27400,True,A,ALL
JB_D6,HPA_21N,Passive,Line,Right,50,50,100,0,-27500,True,A,ALL
JB_D7,GND,Passive,Line,Right,50,50,100,0,-27600,True,A,ALL
JB_D8,HPA_25,Passive,Line,Right,50,50,100,0,-27700,True,A,ALL
JB_D9,HPA_26,Passive,Line,Right,50,50,100,0,-27800,True,A,ALL
JB_D10,GND,Passive,Line,Right,50,50,100,0,-27900,True,A,ALL
